An Giang,An Giang
Bà Rịa - Vũng Tàu,Bà Rịa – Vũng Tàu
Bà Rịa Vũng Tàu,Bà Rịa – Vũng Tàu
Bình Dương,Bình Dương
Bình Phước,Bình Phước
Bình Ph��ớc,Bình Phước
Bình Thuận,Bình Thuận
Bình Định,Bình Định
BìnhPhước,Bình Phước
Bạc Liêu,Bạc Liêu
Bắc Giang,Bắc Giang
Bắc Kạn,Bắc Kạn
Bắc Ninh,Bắc Ninh
Bến Tre,Bến Tre
Cao Bằng,Cao Bằng
Cà Mau,Cà Mau
Cần Thơ,Cần Thơ
Gia Lai,Gia Lai
H?Nội,Hà Nội
Hà Nội,Hà Nội
Huyện Bình Chánh,TP. Hồ Chí Minh
Huế,Huế
Hà Giang,Hà Giang
Hà Nam,Hà Nam
Hà Nội,Hà Nội
Hà Nội Garden City,Hà Nội
Hà Nội.,Hà Nội
Hà N��i,Hà Nội
Hà Tĩnh,Hà Tĩnh
Hà Đông,Hà Tây
Hòa Bình,Hòa Bình
Hưng Yên,Hưng Yên
Hải Dương,Hải Dương
Hải Phòng,Hải Phòng
Hậu Giang,Hậu Giang
Hồ Chí Minh,TP. Hồ Chí Minh
Hồ Chí Minh.,TP. Hồ Chí Minh
Hồ ChíMinh,TP. Hồ Chí Minh
Hồ Ch�� Minh,TP. Hồ Chí Minh
H�� Chí Minh,TP. Hồ Chí Minh
H�� Nội,Hà Nội
H��� Chí Minh,TP. Hồ Chí Minh
Khánh Hoà,Khánh Hòa
Khánh Hòa,Khánh Hòa
Kiên Giang,Kiên Giang
Kon Tum,Kon Tum
Lai Châu,Lai Châu
Lao Cai,Lào Cai
Long An,Long An
Lào Cai,Lào Cai
Lâm Đồng,Lâm Đồng
Lạng Sơn,Lạng Sơn
Nam Định,Nam Định
Nghệ An,Nghệ An
Ninh Bình,Ninh Bình
Ninh Thuận,Ninh Thuận
Phú Thọ,Phú Thọ
Phú Yên,Phú Yên
Q.7,TP. Hồ Chí Minh
Quảng Bình,Quảng Bình
Quảng Nam,Quảng Nam
Quảng Ngãi,Quảng Ngãi
Quảng Ninh,Quảng Ninh
Quảng Trị,Quảng Trị
QuảngNam,Quảng Nam
Quận Bình Thạnh,TP. Hồ Chí Minh
Sóc Trăng,Sóc Trăng
Sơn La,Sơn La
TP HCM,TP. Hồ Chí Minh
TP. Hà Nội.,Hà Nội
TP.HCM,TP. Hồ Chí Minh
TP.Hà Nội,Hà Nội
TP.Hải Phòng,Hải Phòng
TP.Hồ Chí Minh,TP. Hồ Chí Minh
TP.Đà Nẵng,Đà Nẵng
TPM Bình Dương,Bình Dương
TRÀ VINH,Trà Vinh
Thanh Hoá,Thanh Hóa
Thanh Hóa,Thanh Hóa
Thành phố Hồ Chí Minh,TP. Hồ Chí Minh
Thái Bình,Thái Bình
Thái Nguyên,Thái Nguyên
Thừa Thiên Hu00ế,Thừa Thiên Huế
Thừa Thiên Huế,Thừa Thiên Huế
Thừa Thiên Huế.,Thừa Thiên Huế
Thừa Thiên Hu��,Thừa Thiên Huế
Thừa Thi��n Huế,Thừa Thiên Huế
ThừaThiên Huế,Thừa Thiên Huế
ThừaThiên Hu��,Thừa Thiên Huế
Th��a Thiên Huế,Thừa Thiên Huế
Tiền Giang,Tiền Giang
Trà Vinh,Trà Vinh
Tuyên Quang,Tuyên Quang
Tây Ninh,Tây Ninh
Tỉnh Long An.,Long An
Vĩnh Long,Vĩnh Long
Vĩnh Phúc,Vĩnh Phúc
VĩnhPhúc,Vĩnh Phúc
Yên Bái,Yên Bái
hà nội,Hà Nội
thành phố Cần Thơ,Cần Thơ
tỉnh Long An,Long An
Điện Biên,Điện Biên
Đà Nẵng,Đà Nẵng
Đà N��ng,Đà Nẵng
Đắk Lắk,Đắk Lắk
Đắk Nông,Đắk Nông
ĐắkLắk,Đắk Lắk
Đồng Nai,Đồng Nai
Đồng Tháp,Đồng Tháp
