Bất động sản khác,Khác
Biệt thự đơn lập,Biệt Thự
Biệt thự liền kề,Biệt Thự
Biệt thự liềnkề,Biệt Thự
Biệt thự nghỉ dưỡng,Biệt Thự
Biệt thự nghỉ dư��ng,Biệt Thự
Biệt thự song lập,Biệt Thự
Biệt th�� liền kề,Biệt Thự
Căn hộ Cao cấp,Chung Cư
Căn hộ cao cấp,Chung Cư
Căn hộ chung cư,Chung Cư
Căn hộ Condotel,Chung Cư
Căn hộ mini,Chung Cư
Căn hộ Officetel,Chung Cư
Căn hộ Penthouse,Chung Cư
Căn hộ rẻ,Chung Cư
Căn hộ Tập thể,Chung Cư
Căn hộchung cư,Chung Cư
Cửa hàng kiot,Mặt Bằng - Cửa Hàng
Đất công nghiệp,Đất Công – Nông Nghiệp
Đất khu du lịch,Resort
Đất nền,Đất Nền
Đất nền khu dân cư,Đất Nền
Đất nghỉ dưỡng,Resort
Đất nông lâm nghiệp,Đất Công – Nông Nghiệp
Đất n���n,Đất Nền
Đất trang trại,Đất Công – Nông Nghiệp
Đấtnền,Đất Nền
Đ��t nền,Đất Nền
Đ��t nền khu dân cư,Đất Nền
Đ���t nền,Đất Nền
Khách sạn,Khách Sạn
Mặt bằng bán lẻ,Mặt Bằng - Cửa Hàng
Nhà mặt phố,Nhà Phố
Nhà phố Shophouse,Nhà Phố
Nhà rẻ,Nhà Phố
Nhà riêng,Nhà Phố
Nhà ri��ng,Nhà Phố
"Nhà trọ, phòng trọ",Phòng Trọ
"Nhà trọ, phòngtrọ",Phòng Trọ
Nhà xưởng,Kho Xưởng
Nhà xưởng kho bãi,Kho Xưởng
Nh�� riêng,Nhà Phố
NULL,Khác
TT Thương mại,Văn Phòng
Văn phòng,Văn Phòng
��ất nền,Đất Nền
Căn hộ cao cấp,Chung Cư
Căn hộ chung cư,Chung Cư
Căn hộ dich vụ,Chung Cư
Đất cho sản xuất,Đất Công – Nông Nghiệp
Đất dự án - Quy hoạch,Đất Nền
Đất lâm nghiệp,Đất Công – Nông Nghiệp
Đất nông nghiệp,Đất Công – Nông Nghiệp
Đất ở - Đất thổ cư,Đất Nền
Đất vườn,Đất Công – Nông Nghiệp
Khách Sạn - Nhà Phố,Khách Sạn
Mặt bằng - Cửa hàng,Mặt Bằng - Cửa Hàng
Nhà hàng - Khách sạn,Khách Sạn
Nhà Kho - Xưởng,Kho Xưởng
Nhà phố,Nhà Phố
Nhà tạm,Nhà Phố
Phòng trọ,Phòng Trọ
Văn phòng,Văn Phòng
Villa - Biệt thự,Biệt Thự
APART,Chung Cư
GROUND,Mặt Bằng - Cửa Hàng
HOUSE,Nhà Phố
LAND,Đất Nền
WAREHOUSE,Kho Xưởng
Biet-thu-Lien-ke-Dat-nen,Biệt Thự
Biet-thu-Lien-ke-Phan-lo,Biệt Thự
Can-ho-chung-cu,Chung Cư
Can-ho-Chung-cu-cao-cap,Chung Cư
Cao-oc-van-phong,Văn Phòng
Cua-hang-Ki-ot-Mat-bang,Mặt Bằng - Cửa Hàng
Dat-o-Dat-tho-cu,Đất Nền
Du-lich-nghi-duong,Resort
Kho-Xuong,Kho Xưởng
Mat-bang-Dat-trong,Đất Nền
MB-kinh-doanh-Cua-hang-Kios,Mặt Bằng - Cửa Hàng
Nha-loai-khac,Khác
Nha-mat-pho,Nhà Phố
Nha-mat-pho-ngo,Nhà Phố
Nha-rieng,Nhà Phố
Nha-rieng-nguyen-can,Nhà Phố
Nha-tap-the,Chung Cư
Nha-tro-Phong-tro,Chung Cư
O-ghep,Phòng Trọ
Sang-nhuong,Khác
Tap-the-Chung-cu-CC-mini,Chung Cư
Xuong-Kho-Trang-trai,Kho Xưởng
Bán căn hộ chung cư,Chung Cư
Bán đất,Đất Nền
Bán đất nền dự án,Đất Nền
"Bán kho, nhà xưởng",Kho Xưởng
Bán loại bất động sản khác,Khác
"Bán nhà biệt thự, liền kề",Biệt Thự
Bán nhà mặt phố,Nhà Phố
Bán nhà mặt tiền,Nhà Phố
Bán nhà riêng,Nhà Phố
"Bán trang trại, khu nghỉ dưỡng",Resort
Cho thuê căn hộ chung cư,Chung Cư
"Cho thuê cửa hàng, ki ốt",Mặt Bằng - Cửa Hàng
"Cho thuê kho, nhà xưởng, đất",Kho Xưởng
Cho thuê loại bất động sản khác,Khác
Cho thuê nhà mặt phố,Nhà Phố
Cho thuê nhà mặt tiền,Nhà Phố
Cho thuê nhà riêng,Nhà Phố
"Cho thuê nhà trọ, phòng trọ",Phòng Trọ
Cho thuê văn phòng,Văn Phòng
